,count,mean,std,median,min,max
SAE_NFM,2545408,1.550403,1.492717,1.110369,6.4e-05,17.156284
SAE_only,2545408,2.211326,1.74155,1.769926,0.000154,18.190462
epsilon_random,12727040,0.739645,1.354186,0.276043,2e-06,18.164955
