,count,mean,std,median,min,max
SAE_NFM,41,2.345337,1.591626,1.770044,0.573507,7.241484
SAE_only,41,2.5628,1.550126,2.097612,0.873425,8.150441
epsilon_random,410,1.441713,2.076598,0.458336,0.016651,7.030358
