clamp_value,formality_effect,emotion_effect,interaction_effect,formality_f,formality_p,emotion_f,emotion_p,interaction_f,interaction_p,formal_low_mean,formal_high_mean,casual_low_mean,casual_high_mean
-15.0,0.058460623584687704,0.004489603824913493,0.08643152974545955,2.4755846521350073,0.11762675303339783,0.014376546337522432,0.9047129200495415,1.7279211806208845,0.1925288014992461,-0.11464664712548256,-0.07592048607766629,-0.1298915058374405,-0.17759687453508377
1.0,0.0,0.0,0.0,,,,,,,0.0,0.0,0.0,0.0
4.0,0.0018321216106414791,0.0009607583284378055,0.002314472198486326,7.7508828615854375,0.00569007525121463,2.0944181553920713,0.14882303860627683,3.7636731142272484,0.05415818356918361,0.008451129496097564,0.008254651725292207,0.00912601500749588,0.011244009435176849
15.0,0.0035691458731889718,0.0004808124154806158,0.007033387571573256,2.473653113398683,0.11776892224322255,0.04421161739168946,0.8337312998440611,3.464959488443466,0.06644935816782224,0.022022517025470735,0.01802501082420349,0.02207496911287308,0.02511085048317909
