clamp_value,formality_effect,emotion_effect,interaction_effect,formality_f,formality_p,emotion_f,emotion_p,interaction_f,interaction_p,formal_low_mean,formal_high_mean,casual_low_mean,casual_high_mean
-4.0,0.00018895082175731658,7.145479321479792e-06,0.0007332421839237214,2.764427578059244,0.09836367876653616,0.003885511410885306,0.9503757405518513,9.870102506076403,0.00237436330049142,0.00010375455021858216,0.00047752112150192263,0.0002814248204231262,-7.805079221725463e-05
0.0,4.158690571784972e-05,4.981458187103274e-06,0.00014943927526474,3.0787124340711896,0.08126178922739773,0.043341799972423524,0.8353511324293762,10.303298556443732,0.0019287253292741002,4.3126940727233884e-05,0.00012282803654670716,7.625967264175415e-05,6.521493196487426e-06
4.0,0.0001418963074684143,2.9885023832321183e-05,0.00044603496789932253,4.297752257010686,0.039786359250147,0.18580671726144218,0.6670173218253888,10.59145077373898,0.001681154373711559,-0.00013391748070716857,-0.000386819988489151,-0.00021503865718841553,-2.1906197071075438e-05
